[
{
    "Qname": "من هو اللاعب الذي جعل البنات يحبن الكرة بسبب وسامته 🌝",
    "Qanswer": "نايمار"
},
{
    "Qname": "من هو صانع البوت الذئب 🌝",
    "Qanswer": "لوفي"
},
{
    "Qname": "نفرض أن 1 هو 10 و 2 هو -10 كم يساوي 1 ضرب 2 طرح 100",
    "Qanswer": "-200"
},
{
    "Qname": "إسم تطبيق يتعرف على المشاهير ؟",
    "Qanswer": "اكيناتور"
},
{
    "Qname": "رد على هذه الرسالة بإيموجي يخفي وراء بسمته سكين 🌝 2 ايموجي.",
    "Qanswer": "🙂🙂"
},
{ 
    "Qname": "كم يسواي جذر 25 ؟",
    "Qanswer": "5"
},
{ 
    "Qname": "ما إسم آخر رسل الله عز و جل 🤍 صلي عليه في قلبك🙂",
    "Qanswer": "محمد"
},
{ 
    "Qname": "إبن الماء إذا وضعت فيه أموت",
    "Qanswer": "الثلج"
},
{ 
    "Qname": "في الخارج خشب في الداخل روح ؟",
    "Qanswer": "السلحفاة"
},
{ 
    "Qname": "يحمل قنطار و لا يقدر على حمل مسمار 🙂",
    "Qanswer": "البحر"
},
{ 
    "Qname": "بلد المليون ونصف مليون شهيد ؟",
    "Qanswer": "الجزائر"
},
{ 
    "Qname": "بداية تشكل المطر ما هي ؟",
    "Qanswer": "بخار الماء"
},
{ 
    "Qname": "من إكتشف الفزياء 🐸 قل لا أعرف 😂",
    "Qanswer": "لا أعرف"
},
{ 
    "Qname": "كم عدد فصول أربع سنوات ؟",
    "Qanswer": "16"
},
{ 
    "Qname": "من هو صاحب مقولة أنت الآن في عداد الموتى 🙂 سيف...",
    "Qanswer": "سيف النار"
},
{ 
    "Qname": "من هو رجل المطاط",
    "Qanswer": "لوفي"
},
{ 
    "Qname": "شخصية أنمي صلعاء لكماتها قوية جدا؟",
    "Qanswer": "سايتاما"
},
{ 
    "Qname": "ما إسمي 🤍🌝",
    "Qanswer": "وولف"
},
{ 
    "Qname": "كم يربح من يجيب على الحزورة بجواب صحيح ؟",
    "Qanswer": "25"
},
{ 
    "Qname": "كم يساوي 1 + 1 - 1 / 1 × 1",
    "Qanswer": "1"
},
{ 
    "Qname": "إيموجي غوريلا 🌝 أرسل إثنان منه جنب بعض",
    "Qanswer": "🦍🦍"
},
{ 
    "Qname": "أرسل إيموجي يشعر بالغثيان جنبه واحد يتقيأ 😂",
    "Qanswer": "🤢🤮"
},
{ 
    "Qname": "بيت لا يسكنه أحد ؟",
    "Qanswer": "بيت الشعر"
},
{ 
    "Qname": "ضد من تحارب أوكرانيا ؟",
    "Qanswer": "روسيا"
},
{ 
    "Qname": "من هو قائد روسيا ؟",
    "Qanswer": "بوتين"
},
{ 
    "Qname": "إسم مبتكر فايسبوك ؟",
    "Qanswer": "مارك"
},
{ 
    "Qname": "بكم تقيم هذه اللعبة ؟ إستعمل إيموجي 🔰/5 ؟",
    "Qanswer": "🔰🔰🔰🔰🔰"
},
  { 
    "Qname": "كم عدد ايام شهر 2 ؟",
    "Qanswer": "28"
},
  { 
    "Qname": "أغبى شخصية في كرتون كلارنس ؟",
    "Qanswer": "كلارنس"
},
  { 
    "Qname": "شخصية صلعاء في كرتون كلارنس",
    "Qanswer": "سومو"
},
    {
  "Qname": "أفضل لعبة على الجوال و التي حصلت على اكبر عدد مشاهدات في يوتيوب ؟",
  "Qanswer": "ماين كرافت"
  },
  { 
    "Qname": "أكمل ما يلي:\nفري ...",
    "Qanswer": "فاير"
},
  { 
    "Qname": "أكمل ما يلي\nإبنة أبي هي",
    "Qanswer": "اختي"
},
{ 
    "Qname": "ابن عم ابن عمي الاقرب لي هو ؟",
    "Qanswer": "انا"
},
{ 
    "Qname": "عدو صديقي هو ؟",
    "Qanswer": "عدوي"
},
{ 
    "Qname": "عدو عدوي هو ؟",
    "Qanswer": "صديقي"
},
{ 
    "Qname": "إبن جدك من من ابيك الاقرب لك هو ؟",
    "Qanswer": "ابي"
},
  { 
    "Qname": "أكتب هذا Løü Fï বিজয়ী",
    "Qanswer": "Løü Fï বিজয়ী"
}
    ]