{
  "commandBanned": {},
  "envGlobal": {
    "weatherApiKey": "d7e795ae6a0d44aaa8abb1a0a7ac19e4",
    "goatbotApikey": ""
  },
  "envCommands": {
    "daily": {
      "rewardFirstDay": {
        "coin": 100,
        "exp": 10
      }
    },
    "notification": {
      "delayPerGroup": 250
    },
    "rank": {
      "deltaNext": 5
    },
    "rankup": {
      "deltaNext": 5
    },
    "appstore": {
      "limitResult": 3
    },
    "dhbc": {
      "reward": 1000
    },
    "tictactoe": {
      "winReward": 500,
      "drawReward": 200
    }
  },
  "envEvents": {
    "logsbot": {
      "allow": true
    }
  },
  "commandUnload": [
    "slot.js",
    "omnitrex.js",
    "rankup.js",
    "arHelp.js",
    "Manga.js",
    "gpt.js",
    "antispam.js",
    "scramble.js",
    "trade.js",
    "Mafia42.js",
    "metaai.js",
    "dv.js",
    "ink.js",
    "silent.js",
    "reactionsHandler.js",
    "pair.js",
    "Cmd.js"
  ],
  "commandEventUnload": [
    "welcome.js"
  ]
}