{
  "commandBanned": {},
  "envGlobal": {
    "weatherApiKey": "d7e795ae6a0d44aaa8abb1a0a7ac19e4",
    "goatbotApikey": ""
  },
  "envCommands": {
    "daily": {
      "rewardFirstDay": {
        "coin": 100,
        "exp": 10
      }
    },
    "notification": {
      "delayPerGroup": 250
    },
    "rank": {
      "deltaNext": 5
    },
    "rankup": {
      "deltaNext": 5
    },
    "appstore": {
      "limitResult": 3
    },
    "dhbc": {
      "reward": 1000
    },
    "شخصيتي": {
      "reward": 1500
    },
    "tictactoe2": {
      "winReward": 500,
      "drawReward": 200
    },
    "chess": {
      "winReward": 1500,
      "drawReward": 500,
      "participationReward": 100
    }
  },
  "envEvents": {
    "logsbot": {
      "allow": true
    }
  },
  "commandUnload": [
    "texttoimage.js",
    "ai.js",
    "darkGpt.js",
    "ytb.js",
    "pin.js",
    "adams.js",
    "mj.js",
    "nsfw.js",
    "mj2.js",
    "silent.js",
    "setn.js",
    "arHelp.js",
    "caroJs.js",
    "pair.js",
    "trade.js",
    "slap.js",
    "tendl.js",
    "SimoObV.js",
    "hotbot.js",
    "dv.js",
    "GeminiScrap.js",
    "mcshop.js",
    "antichangeinfobox.js",
    "uid.js",
    "choose.js",
    "Manga.js",
    "Maram.js",
    "Simo.js",
    "mc.js",
    "Yuki.js",
    "chess.js",
    "ink.js",
    "metaai.js",
    "reactionsHandler.js"
  ]
}