{
  "request_id": 279,
  "payload": "{\"name\":null,\"step\":[1,[1,[4,0,1,[5,\"taskExists\",[19,\"279\"]]],[23,[2,0],[1,[5,\"replaceOptimsiticMessage\",\"7336111616317983392\",\"mid.$cAAIvO9g4xgedba_fw2XPGqWLQAqg\"]]]],[1,[4,0,1,[5,\"taskExists\",[19,\"279\"]]],[23,[2,0],[1,[5,\"updateMessagesOptimisticContext\",[19,\"279\"]]]]],[1,[4,0,1,[5,\"taskExists\",[19,\"279\"]]],[23,[2,0],[1,[5,\"optimisticDeleteThread\",[19,\"61575949113191\"]]]]],[1,[4,0,1,[5,\"taskExists\",[19,\"279\"]]],[23,[2,0],[1,[5,\"mailboxTaskCompletionApiOnTaskCompletion\",[19,\"279\"],true]]]],[1,[4,0,1,[5,\"taskExists\",[19,\"279\"]]],[23,[2,0],[1,[5,\"removeTask\",[19,\"279\"],[9]]]]]]}",
  "sp": [
    "taskExists",
    "replaceOptimsiticMessage",
    "updateMessagesOptimisticContext",
    "optimisticDeleteThread",
    "mailboxTaskCompletionApiOnTaskCompletion",
    "removeTask"
  ],
  "target": 3
}