{
  "playerStats": {
    "100081570534647": {
      "gamesPlayed": 12,
      "wins": 7,
      "losses": 5,
      "kills": 0,
      "deaths": 8,
      "correctVotes": 2,
      "wrongVotes": 4,
      "survivalRate": "33.3",
      "winRate": "58.3",
      "money": 12000,
      "points": 1450,
      "successfulSkills": 1,
      "failedSkills": 0,
      "teamKills": 0
    },
    "100049189713406": {
      "gamesPlayed": 10,
      "wins": 3,
      "losses": 7,
      "kills": 0,
      "deaths": 12,
      "correctVotes": 1,
      "wrongVotes": 6,
      "survivalRate": "-20.0",
      "winRate": "30.0",
      "money": 0,
      "points": 650,
      "successfulSkills": 1,
      "failedSkills": 4,
      "teamKills": 0
    },
    "100079978668373": {
      "gamesPlayed": 29,
      "wins": 17,
      "losses": 12,
      "kills": 12,
      "deaths": 18,
      "correctVotes": 7,
      "wrongVotes": 16,
      "survivalRate": "37.9",
      "winRate": "58.6",
      "money": 7000,
      "points": 3700,
      "successfulSkills": 19,
      "failedSkills": 5,
      "teamKills": 0
    },
    "100089964739912": {
      "gamesPlayed": 23,
      "wins": 15,
      "losses": 8,
      "kills": 10,
      "deaths": 13,
      "correctVotes": 9,
      "wrongVotes": 14,
      "survivalRate": "43.5",
      "winRate": "65.2",
      "money": 6500,
      "points": 3150,
      "successfulSkills": 18,
      "failedSkills": 3,
      "teamKills": 0
    },
    "100019463832721": {
      "gamesPlayed": 14,
      "wins": 8,
      "losses": 6,
      "kills": 6,
      "deaths": 12,
      "correctVotes": 2,
      "wrongVotes": 3,
      "survivalRate": "14.3",
      "winRate": "57.1",
      "money": 0,
      "points": 1750,
      "successfulSkills": 11,
      "failedSkills": 1,
      "teamKills": 0
    },
    "61573822951508": {
      "gamesPlayed": 2,
      "wins": 2,
      "losses": 0,
      "kills": 0,
      "deaths": 0,
      "correctVotes": 1,
      "wrongVotes": 0,
      "survivalRate": "100.0",
      "winRate": "100.0",
      "money": 4000,
      "points": 400,
      "successfulSkills": 1,
      "failedSkills": 0,
      "teamKills": 0
    },
    "61579136188272": {
      "gamesPlayed": 2,
      "wins": 2,
      "losses": 0,
      "kills": 0,
      "deaths": 4,
      "correctVotes": 0,
      "wrongVotes": 0,
      "survivalRate": "-100.0",
      "winRate": "100.0",
      "money": 4000,
      "points": 400,
      "successfulSkills": 0,
      "failedSkills": 0,
      "teamKills": 0
    },
    "61556672423378": {
      "gamesPlayed": 8,
      "wins": 3,
      "losses": 5,
      "kills": 4,
      "deaths": 10,
      "correctVotes": 1,
      "wrongVotes": 6,
      "survivalRate": "-25.0",
      "winRate": "37.5",
      "money": 6500,
      "points": 650,
      "successfulSkills": 7,
      "failedSkills": 0,
      "teamKills": 0
    },
    "100094901602695": {
      "gamesPlayed": 2,
      "wins": 1,
      "losses": 1,
      "kills": 0,
      "deaths": 2,
      "correctVotes": 1,
      "wrongVotes": 1,
      "survivalRate": "0.0",
      "winRate": "50.0",
      "money": 2000,
      "points": 200,
      "successfulSkills": 0,
      "failedSkills": 1,
      "teamKills": 0
    },
    "100094095560607": {
      "gamesPlayed": 1,
      "wins": 0,
      "losses": 1,
      "kills": 0,
      "deaths": 2,
      "correctVotes": 0,
      "wrongVotes": 0,
      "survivalRate": "-100.0",
      "winRate": "0.0",
      "money": 0,
      "points": 0,
      "successfulSkills": 0,
      "failedSkills": 0,
      "teamKills": 0
    },
    "61580010836803": {
      "gamesPlayed": 4,
      "wins": 2,
      "losses": 2,
      "kills": 2,
      "deaths": 6,
      "correctVotes": 1,
      "wrongVotes": 2,
      "survivalRate": "-50.0",
      "winRate": "50.0",
      "money": 4000,
      "points": 400,
      "successfulSkills": 3,
      "failedSkills": 0,
      "teamKills": 0
    },
    "100045191600521": {
      "gamesPlayed": 5,
      "wins": 4,
      "losses": 1,
      "kills": 0,
      "deaths": 6,
      "correctVotes": 1,
      "wrongVotes": 2,
      "survivalRate": "-20.0",
      "winRate": "80.0",
      "money": 8000,
      "points": 800,
      "successfulSkills": 2,
      "failedSkills": 1,
      "teamKills": 0
    },
    "100079770382223": {
      "gamesPlayed": 6,
      "wins": 3,
      "losses": 3,
      "kills": 1,
      "deaths": 6,
      "correctVotes": 1,
      "wrongVotes": 2,
      "survivalRate": "0.0",
      "winRate": "50.0",
      "money": 6500,
      "points": 650,
      "successfulSkills": 2,
      "failedSkills": 0,
      "teamKills": 0
    },
    "61560179760306": {
      "gamesPlayed": 11,
      "wins": 3,
      "losses": 8,
      "kills": 1,
      "deaths": 12,
      "correctVotes": 2,
      "wrongVotes": 11,
      "survivalRate": "-9.1",
      "winRate": "27.3",
      "money": 2000,
      "points": 700,
      "successfulSkills": 1,
      "failedSkills": 3,
      "teamKills": 0
    },
    "61571812378972": {
      "gamesPlayed": 1,
      "wins": 1,
      "losses": 0,
      "kills": 0,
      "deaths": 0,
      "correctVotes": 1,
      "wrongVotes": 2,
      "survivalRate": "100.0",
      "winRate": "100.0",
      "money": 2000,
      "points": 200,
      "successfulSkills": 0,
      "failedSkills": 0,
      "teamKills": 0
    },
    "61587239829189": {
      "gamesPlayed": 3,
      "wins": 2,
      "losses": 1,
      "kills": 0,
      "deaths": 6,
      "correctVotes": 0,
      "wrongVotes": 0,
      "survivalRate": "-100.0",
      "winRate": "66.7",
      "money": 4000,
      "points": 400,
      "successfulSkills": 0,
      "failedSkills": 0,
      "teamKills": 0
    },
    "100000878933387": {
      "gamesPlayed": 1,
      "wins": 1,
      "losses": 0,
      "kills": 0,
      "deaths": 0,
      "correctVotes": 1,
      "wrongVotes": 0,
      "survivalRate": "100.0",
      "winRate": "100.0",
      "money": 2000,
      "points": 200,
      "successfulSkills": 0,
      "failedSkills": 0,
      "teamKills": 0
    },
    "100081173262158": {
      "gamesPlayed": 1,
      "wins": 0,
      "losses": 1,
      "kills": 0,
      "deaths": 2,
      "correctVotes": 0,
      "wrongVotes": 0,
      "survivalRate": "-100.0",
      "winRate": "0.0",
      "money": 0,
      "points": 0,
      "successfulSkills": 0,
      "failedSkills": 0,
      "teamKills": 0
    },
    "100029776841063": {
      "gamesPlayed": 4,
      "wins": 2,
      "losses": 2,
      "kills": 1,
      "deaths": 2,
      "correctVotes": 1,
      "wrongVotes": 2,
      "survivalRate": "50.0",
      "winRate": "50.0",
      "money": 500,
      "points": 450,
      "successfulSkills": 1,
      "failedSkills": 1,
      "teamKills": 0
    },
    "100071548719518": {
      "gamesPlayed": 1,
      "wins": 0,
      "losses": 1,
      "kills": 0,
      "deaths": 2,
      "correctVotes": 0,
      "wrongVotes": 1,
      "survivalRate": "-100.0",
      "winRate": "0.0",
      "money": 0,
      "points": 0,
      "successfulSkills": 2,
      "failedSkills": 2,
      "teamKills": 0
    },
    "61557369582106": {
      "gamesPlayed": 5,
      "wins": 3,
      "losses": 2,
      "kills": 1,
      "deaths": 2,
      "correctVotes": 2,
      "wrongVotes": 1,
      "survivalRate": "60.0",
      "winRate": "60.0",
      "money": 6500,
      "points": 650,
      "successfulSkills": 3,
      "failedSkills": 1,
      "teamKills": 0
    },
    "100033556746363": {
      "gamesPlayed": 10,
      "wins": 3,
      "losses": 7,
      "kills": 2,
      "deaths": 10,
      "correctVotes": 1,
      "wrongVotes": 4,
      "survivalRate": "0.0",
      "winRate": "30.0",
      "money": 2500,
      "points": 750,
      "successfulSkills": 4,
      "failedSkills": 2,
      "teamKills": 0
    },
    "100083949766869": {
      "gamesPlayed": 6,
      "wins": 3,
      "losses": 3,
      "kills": 0,
      "deaths": 8,
      "correctVotes": 0,
      "wrongVotes": 2,
      "survivalRate": "-33.3",
      "winRate": "50.0",
      "money": 6500,
      "points": 650,
      "successfulSkills": 2,
      "failedSkills": 0,
      "teamKills": 0
    },
    "61580715457678": {
      "gamesPlayed": 1,
      "wins": 1,
      "losses": 0,
      "kills": 0,
      "deaths": 0,
      "correctVotes": 0,
      "wrongVotes": 0,
      "survivalRate": "100.0",
      "winRate": "100.0",
      "money": 2000,
      "points": 200,
      "successfulSkills": 0,
      "failedSkills": 0,
      "teamKills": 0
    },
    "61581575196040": {
      "gamesPlayed": 1,
      "wins": 0,
      "losses": 1,
      "kills": 0,
      "deaths": 0,
      "correctVotes": 0,
      "wrongVotes": 0,
      "survivalRate": "100.0",
      "winRate": "0.0",
      "money": 500,
      "points": 50,
      "successfulSkills": 0,
      "failedSkills": 0,
      "teamKills": 0
    }
  },
  "shopPurchases": {
    "100081570534647": {
      "protection": {
        "count": 1
      }
    },
    "100049189713406": {
      "protection": {
        "count": 1
      }
    },
    "100079978668373": {
      "extra_life": {
        "count": 3
      }
    },
    "100089964739912": {
      "extra_life": {
        "count": 1
      }
    },
    "100019463832721": {
      "extra_life": {
        "count": 1
      },
      "protection": {
        "count": 1
      }
    },
    "61573822951508": {},
    "61579136188272": {},
    "61556672423378": {},
    "100094095560607": {},
    "61580010836803": {},
    "100045191600521": {},
    "100079770382223": {},
    "100094901602695": {},
    "61560179760306": {},
    "61571812378972": {},
    "61587239829189": {},
    "100000878933387": {},
    "100081173262158": {},
    "100029776841063": {},
    "100071548719518": {},
    "61557369582106": {},
    "100033556746363": {},
    "100083949766869": {},
    "61580715457678": {},
    "61581575196040": {}
  },
  "playerRooms": {},
  "playerInRoom": {},
  "exchangeRate": 100
}