{
  "deltas": [
    {
      "attachments": [],
      "body": "@",
      "breadcrumbs": {},
      "contentSubtype": 2,
      "data": {
        "eitm_timestamp": "1768170372111"
      },
      "irisSeqId": "4071531",
      "irisTags": [
        "did_not_update_iris_checkpoint",
        "IS_VALIDATED"
      ],
      "messageMetadata": {
        "actorFbId": "100049189713406",
        "cid": {
          "conversationFbid": "8469288246423235"
        },
        "data": {
          "data": {
            "KO": {
              "asLong": "0"
            }
          }
        },
        "folderId": {
          "systemFolderId": "INBOX"
        },
        "messageId": "mid.$gAB4WxdVtrsOh4HfBHGbrzJ0eEnUw",
        "nonPersistedData": {
          "data": {
            "fb_send_params": {
              "asMap": {
                "data": {
                  "logging_metadata": {
                    "asMap": {
                      "data": {
                        "feature_tags": {
                          "asMap": {
                            "data": {
                              "0": {
                                "asString": "IS_NOT_DIALTONE"
                              }
                            }
                          }
                        }
                      }
                    }
                  },
                  "product_params": {
                    "asMap": {
                      "data": {
                        "product_extras": {
                          "asMap": {
                            "data": {
                              "__typename": {
                                "asString": "XMSGGenAIAssistantAPIExtras"
                              }
                            }
                          }
                        }
                      }
                    }
                  }
                }
              }
            }
          }
        },
        "offlineThreadingId": "7416246186582111536",
        "tags": [
          "source:chat:light_speed",
          "app_id:256002347743983"
        ],
        "threadKey": {
          "threadFbId": "8469288246423235"
        },
        "threadReadStateEffect": "MARK_UNREAD",
        "threadSubtype": 1,
        "timestamp": "1768170879260",
        "unsendType": "deny_for_non_sender",
        "skipBumpThread": false
      },
      "participants": [
        "766494938",
        "100037433943993",
        "100032282211835",
        "100088011446376",
        "100035077605324",
        "61550850831204",
        "100049189713406",
        "100000747253003",
        "61560602907397",
        "61567879134087",
        "61567396753553",
        "61551100270167",
        "61556674697728",
        "1243853644",
        "100086390846037",
        "61569978406591",
        "61556288242927",
        "593412028",
        "61578270596158",
        "100079978668373",
        "100056148330563",
        "61565010999430",
        "100076795770662",
        "100088791641675"
      ],
      "requestContext": {
        "apiArgs": {}
      },
      "tqSeqId": "64437",
      "class": "NewMessage"
    }
  ],
  "firstDeltaSeqId": 4071531,
  "lastIssuedSeqId": 4071531,
  "queueEntityId": 100088791641675
}